title,price,rating,availability
A Light in the Attic,£51.77,Three,In stock
Tipping the Velvet,£51.77,One,In stock
Soumission,£51.77,One,In stock
Sharp Objects,£51.77,Four,In stock
Sapiens: A Brief History of Humankind,£51.77,Five,In stock
The Requiem Red,£51.77,One,In stock
The Dirty Little Secrets of Getting Your Dream Job,£51.77,Four,In stock
"The Coming Woman: A Novel Based on the Life of the Infamous Feminist, Victoria Woodhull",£51.77,Three,In stock
The Boys in the Boat: Nine Americans and Their Epic Quest for Gold at the 1936 Berlin Olympics,£51.77,Four,In stock
The Black Maria,£51.77,One,In stock
"Starving Hearts (Triangular Trade Trilogy, #1)",£51.77,Two,In stock
Shakespeare's Sonnets,£51.77,Four,In stock
Set Me Free,£51.77,Five,In stock
Scott Pilgrim's Precious Little Life (Scott Pilgrim #1),£51.77,Five,In stock
Rip it Up and Start Again,£51.77,Five,In stock
"Our Band Could Be Your Life: Scenes from the American Indie Underground, 1981-1991",£51.77,Three,In stock
Olio,£51.77,One,In stock
Mesaerion: The Best Science Fiction Stories 1800-1849,£51.77,One,In stock
Libertarianism for Beginners,£51.77,Two,In stock
It's Only the Himalayas,£51.77,Two,In stock
In Her Wake,£12.84,One,In stock
How Music Works,£12.84,Two,In stock
"Foolproof Preserving: A Guide to Small Batch Jams, Jellies, Pickles, Condiments, and More: A Foolproof Guide to Making Small Batch Jams, Jellies, Pickles, Condiments, and More",£12.84,Three,In stock
Chase Me (Paris Nights #2),£12.84,Five,In stock
Black Dust,£12.84,Five,In stock
Birdsong: A Story in Pictures,£12.84,Three,In stock
America's Cradle of Quarterbacks: Western Pennsylvania's Football Factory from Johnny Unitas to Joe Montana,£12.84,Three,In stock
Aladdin and His Wonderful Lamp,£12.84,Three,In stock
Worlds Elsewhere: Journeys Around Shakespeare’s Globe,£12.84,Five,In stock
Wall and Piece,£12.84,Four,In stock
The Four Agreements: A Practical Guide to Personal Freedom,£12.84,Five,In stock
The Five Love Languages: How to Express Heartfelt Commitment to Your Mate,£12.84,Three,In stock
The Elephant Tree,£12.84,Five,In stock
The Bear and the Piano,£12.84,One,In stock
Sophie's World,£12.84,Five,In stock
Penny Maybe,£12.84,Three,In stock
Maude (1883-1993):She Grew Up with the country,£12.84,Two,In stock
"In a Dark, Dark Wood",£12.84,One,In stock
Behind Closed Doors,£12.84,Four,In stock
You can't bury them all: Poems,£12.84,Two,In stock
Slow States of Collapse: Poems,£57.31,Three,In stock
Reasons to Stay Alive,£57.31,Two,In stock
Private Paris (Private #10),£57.31,Five,In stock
#HigherSelfie: Wake Up Your Life. Free Your Soul. Find Your Tribe.,£57.31,Five,In stock
Without Borders (Wanderlove #1),£57.31,Two,In stock
When We Collided,£57.31,One,In stock
"We Love You, Charlie Freeman",£57.31,Five,In stock
Untitled Collection: Sabbath Poems 2014,£57.31,Four,In stock
"Unseen City: The Majesty of Pigeons, the Discreet Charm of Snails & Other Wonders of the Urban Wilderness",£57.31,Four,In stock
Unicorn Tracks,£57.31,Three,In stock
"Unbound: How Eight Technologies Made Us Human, Transformed Society, and Brought Our World to the Brink",£57.31,One,In stock
Tsubasa: WoRLD CHRoNiCLE 2 (Tsubasa WoRLD CHRoNiCLE #2),£57.31,One,In stock
Throwing Rocks at the Google Bus: How Growth Became the Enemy of Prosperity,£57.31,Three,In stock
This One Summer,£57.31,Four,In stock
Thirst,£57.31,Five,In stock
The Torch Is Passed: A Harding Family Story,£57.31,One,In stock
The Secret of Dreadwillow Carse,£57.31,One,In stock
"The Pioneer Woman Cooks: Dinnertime: Comfort Classics, Freezer Food, 16-Minute Meals, and Other Delicious Ways to Solve Supper!",£57.31,One,In stock
The Past Never Ends,£57.31,Four,In stock
The Natural History of Us (The Fine Art of Pretending #2),£57.31,Three,In stock
The Nameless City (The Nameless City #1),£38.16,Four,In stock
The Murder That Never Was (Forensic Instincts #5),£38.16,Three,In stock
The Most Perfect Thing: Inside (and Outside) a Bird's Egg,£38.16,Four,In stock
"The Mindfulness and Acceptance Workbook for Anxiety: A Guide to Breaking Free from Anxiety, Phobias, and Worry Using Acceptance and Commitment Therapy",£38.16,Four,In stock
The Life-Changing Magic of Tidying Up: The Japanese Art of Decluttering and Organizing,£38.16,Three,In stock
"The Inefficiency Assassin: Time Management Tactics for Working Smarter, Not Longer",£38.16,Five,In stock
The Gutsy Girl: Escapades for Your Life of Epic Adventure,£38.16,One,In stock
The Electric Pencil: Drawings from Inside State Hospital No. 3,£38.16,One,In stock
The Death of Humanity: and the Case for Life,£38.16,Four,In stock
"The Bulletproof Diet: Lose up to a Pound a Day, Reclaim Energy and Focus, Upgrade Your Life",£38.16,Three,In stock
The Art Forger,£38.16,Three,In stock
The Age of Genius: The Seventeenth Century and the Birth of the Modern Mind,£38.16,One,In stock
The Activist's Tao Te Ching: Ancient Advice for a Modern Revolution,£38.16,Five,In stock
Spark Joy: An Illustrated Master Class on the Art of Organizing and Tidying Up,£38.16,Four,In stock
Soul Reader,£38.16,Two,In stock
Security,£38.16,Two,In stock
"Saga, Volume 6 (Saga (Collected Editions) #6)",£38.16,Three,In stock
"Saga, Volume 5 (Saga (Collected Editions) #5)",£38.16,Two,In stock
Reskilling America: Learning to Labor in the Twenty-First Century,£38.16,Two,In stock
"Rat Queens, Vol. 3: Demons (Rat Queens (Collected Editions) #11-15)",£38.16,Three,In stock
"Princess Jellyfish 2-in-1 Omnibus, Vol. 01 (Princess Jellyfish 2-in-1 Omnibus #1)",£13.61,Five,In stock
Princess Between Worlds (Wide-Awake Princess #5),£13.61,Five,In stock
"Pop Gun War, Volume 1: Gift",£13.61,One,In stock
"Political Suicide: Missteps, Peccadilloes, Bad Calls, Backroom Hijinx, Sordid Pasts, Rotten Breaks, and Just Plain Dumb Mistakes in the Annals of American Politics",£13.61,Two,In stock
Patience,£13.61,Three,In stock
"Outcast, Vol. 1: A Darkness Surrounds Him (Outcast #1)",£13.61,Four,In stock
orange: The Complete Collection 1 (orange: The Complete Collection #1),£13.61,One,In stock
Online Marketing for Busy Authors: A Step-By-Step Guide,£13.61,One,In stock
On a Midnight Clear,£13.61,Three,In stock
Obsidian (Lux #1),£13.61,Two,In stock
My Paris Kitchen: Recipes and Stories,£13.61,Two,In stock
Masks and Shadows,£13.61,Two,In stock
"Mama Tried: Traditional Italian Cooking for the Screwed, Crude, Vegan, and Tattooed",£13.61,Four,In stock
"Lumberjanes, Vol. 2: Friendship to the Max (Lumberjanes #5-8)",£13.61,Two,In stock
"Lumberjanes, Vol. 1: Beware the Kitten Holy (Lumberjanes #1-4)",£13.61,Three,In stock
Lumberjanes Vol. 3: A Terrible Plan (Lumberjanes #9-12),£13.61,Two,In stock
"Layered: Baking, Building, and Styling Spectacular Cakes",£13.61,One,In stock
Judo: Seven Steps to Black Belt (an Introductory Guide for Beginners),£13.61,Two,In stock
Join,£13.61,Five,In stock
In the Country We Love: My Family Divided,£13.61,Four,In stock
Immunity: How Elie Metchnikoff Changed the Course of Modern Medicine,£57.36,Five,In stock
"I Hate Fairyland, Vol. 1: Madly Ever After (I Hate Fairyland (Compilations) #1-5)",£57.36,Two,In stock
I am a Hero Omnibus Volume 1,£57.36,Three,In stock
How to Be Miserable: 40 Strategies You Already Use,£57.36,One,In stock
Her Backup Boyfriend (The Sorensen Family #1),£57.36,One,In stock
"Giant Days, Vol. 2 (Giant Days #5-8)",£57.36,Two,In stock
Forever and Forever: The Courtship of Henry Longfellow and Fanny Appleton,£57.36,Three,In stock
First and First (Five Boroughs #3),£57.36,Four,In stock
Fifty Shades Darker (Fifty Shades #2),£57.36,One,In stock
Everydata: The Misinformation Hidden in the Little Data You Consume Every Day,£57.36,Two,In stock
"Don't Be a Jerk: And Other Practical Advice from Dogen, Japan's Greatest Zen Master",£57.36,Two,In stock
Danganronpa Volume 1,£57.36,Four,In stock
Crown of Midnight (Throne of Glass #2),£57.36,Three,In stock
"Codename Baboushka, Volume 1: The Conclave of Death",£57.36,Four,In stock
Camp Midnight,£57.36,Four,In stock
Call the Nurse: True Stories of a Country Nurse on a Scottish Isle,£57.36,Five,In stock
Burning,£57.36,Three,In stock
Bossypants,£57.36,Two,In stock
"Bitch Planet, Vol. 1: Extraordinary Machine (Bitch Planet (Collected Editions))",£57.36,Two,In stock
"Avatar: The Last Airbender: Smoke and Shadow, Part 3 (Smoke and Shadow #3)",£57.36,Two,In stock
Algorithms to Live By: The Computer Science of Human Decisions,£30.81,One,In stock
A World of Flavor: Your Gluten Free Passport,£30.81,One,In stock
"A Piece of Sky, a Grain of Rice: A Memoir in Four Meditations",£30.81,Five,In stock
A Murder in Time,£30.81,One,In stock
A Flight of Arrows (The Pathfinders #2),£30.81,Five,In stock
A Fierce and Subtle Poison,£30.81,Four,In stock
A Court of Thorns and Roses (A Court of Thorns and Roses #1),£30.81,One,In stock
(Un)Qualified: How God Uses Broken People to Do Big Things,£30.81,Five,In stock
You Are What You Love: The Spiritual Power of Habit,£30.81,Four,In stock
"William Shakespeare's Star Wars: Verily, A New Hope (William Shakespeare's Star Wars #4)",£30.81,Four,In stock
Tuesday Nights in 1980,£30.81,Two,In stock
Tracing Numbers on a Train,£30.81,Three,In stock
Throne of Glass (Throne of Glass #1),£30.81,Three,In stock
Thomas Jefferson and the Tripoli Pirates: The Forgotten War That Changed American History,£30.81,One,In stock
Thirteen Reasons Why,£30.81,One,In stock
The White Cat and the Monk: A Retelling of the Poem “Pangur Bán”,£30.81,Four,In stock
The Wedding Dress,£30.81,One,In stock
The Vacationers,£30.81,Four,In stock
The Third Wave: An Entrepreneur’s Vision of the Future,£30.81,Five,In stock
The Stranger,£30.81,Four,In stock
The Shadow Hero (The Shadow Hero),£33.14,One,In stock
The Secret (The Secret #1),£33.14,Four,In stock
The Regional Office Is Under Attack!,£33.14,Five,In stock
The Psychopath Test: A Journey Through the Madness Industry,£33.14,Two,In stock
The Project,£33.14,One,In stock
The Power of Now: A Guide to Spiritual Enlightenment,£33.14,Two,In stock
The Omnivore's Dilemma: A Natural History of Four Meals,£33.14,Two,In stock
The Nerdy Nummies Cookbook: Sweet Treats for the Geek in All of Us,£33.14,Five,In stock
The Murder of Roger Ackroyd (Hercule Poirot #4),£33.14,Four,In stock
The Mistake (Off-Campus #2),£33.14,Three,In stock
The Matchmaker's Playbook (Wingmen Inc. #1),£33.14,One,In stock
The Love and Lemons Cookbook: An Apple-to-Zucchini Celebration of Impromptu Cooking,£33.14,Two,In stock
The Long Shadow of Small Ghosts: Murder and Memory in an American City,£33.14,One,In stock
The Kite Runner,£33.14,Four,In stock
The House by the Lake,£33.14,One,In stock
The Glittering Court (The Glittering Court #1),£33.14,One,In stock
The Girl on the Train,£33.14,Two,In stock
The Genius of Birds,£33.14,One,In stock
The Emerald Mystery,£33.14,Two,In stock
The Cookies & Cups Cookbook: 125+ sweet & savory recipes reminding you to Always Eat Dessert First,£33.14,One,In stock
The Bridge to Consciousness: I'm Writing the Bridge Between Science and Our Old and New Beliefs.,£32.00,Three,In stock
The Artist's Way: A Spiritual Path to Higher Creativity,£32.00,Five,In stock
The Art of War,£32.00,Five,In stock
The Argonauts,£32.00,Two,In stock
The 10% Entrepreneur: Live Your Startup Dream Without Quitting Your Day Job,£32.00,Three,In stock
Suddenly in Love (Lake Haven #1),£32.00,Two,In stock
Something More Than This,£32.00,Four,In stock
Soft Apocalypse,£32.00,Two,In stock
So You've Been Publicly Shamed,£32.00,Two,In stock
Shoe Dog: A Memoir by the Creator of NIKE,£32.00,Two,In stock
"Shobu Samurai, Project Aryoku (#3)",£32.00,Three,In stock
Secrets and Lace (Fatal Hearts #1),£32.00,One,In stock
Scarlett Epstein Hates It Here,£32.00,Five,In stock
Romero and Juliet: A Tragic Tale of Love and Zombies,£32.00,One,In stock
Redeeming Love,£32.00,Five,In stock
Poses for Artists Volume 1 - Dynamic and Sitting Poses: An Essential Reference for Figure Drawing and the Human Form,£32.00,One,In stock
Poems That Make Grown Women Cry,£32.00,Four,In stock
"Nightingale, Sing",£32.00,One,In stock
Night Sky with Exit Wounds,£32.00,One,In stock
Mrs. Houdini,£32.00,Five,In stock
Modern Romance,£28.26,Five,In stock
Miss Peregrine’s Home for Peculiar Children (Miss Peregrine’s Peculiar Children #1),£28.26,One,In stock
Louisa: The Extraordinary Life of Mrs. Adams,£28.26,Two,In stock
Little Red,£28.26,Three,In stock
Library of Souls (Miss Peregrine’s Peculiar Children #3),£28.26,Five,In stock
Large Print Heart of the Pride,£28.26,Two,In stock
I Had a Nice Time And Other Lies...: How to find love & sh*t like that,£28.26,Four,In stock
Hollow City (Miss Peregrine’s Peculiar Children #2),£28.26,One,In stock
Grumbles,£28.26,Two,In stock
Full Moon over Noah’s Ark: An Odyssey to Mount Ararat and Beyond,£28.26,Four,In stock
Frostbite (Vampire Academy #2),£28.26,Five,In stock
Follow You Home,£28.26,One,In stock
First Steps for New Christians (Print Edition),£28.26,One,In stock
Finders Keepers (Bill Hodges Trilogy #2),£28.26,Five,In stock
"Fables, Vol. 1: Legends in Exile (Fables #1)",£28.26,Four,In stock
Eureka Trivia 6.0,£28.26,Four,In stock
Drive: The Surprising Truth About What Motivates Us,£28.26,Four,In stock
Done Rubbed Out (Reightman & Bailey #1),£28.26,Five,In stock
Doing It Over (Most Likely To #1),£28.26,Three,In stock
"Deliciously Ella Every Day: Quick and Easy Recipes for Gluten-Free Snacks, Packed Lunches, and Simple Meals",£28.26,Three,In stock
Dark Notes,£19.19,Five,In stock
"Daring Greatly: How the Courage to Be Vulnerable Transforms the Way We Live, Love, Parent, and Lead",£19.19,Three,In stock
Close to You,£19.19,Four,In stock
Chasing Heaven: What Dying Taught Me About Living,£19.19,Two,In stock
Big Magic: Creative Living Beyond Fear,£19.19,Three,In stock
Becoming Wise: An Inquiry into the Mystery and Art of Living,£19.19,Two,In stock
Beauty Restored (Riley Family Legacy Novellas #3),£19.19,Two,In stock
Batman: The Long Halloween (Batman),£19.19,Two,In stock
Batman: The Dark Knight Returns (Batman),£19.19,Five,In stock
Ayumi's Violin,£19.19,Two,In stock
Anonymous,£19.19,Four,In stock
Amy Meets the Saints and Sages,£19.19,Three,In stock
Amid the Chaos,£19.19,One,In stock
Amatus,£19.19,Five,In stock
Agnostic: A Spirited Manifesto,£19.19,Five,In stock
Zealot: The Life and Times of Jesus of Nazareth,£19.19,Three,In stock
You (You #1),£19.19,Five,In stock
"Wonder Woman: Earth One, Volume One (Wonder Woman: Earth One #1)",£19.19,Four,In stock
Wild Swans,£19.19,Two,In stock
Why the Right Went Wrong: Conservatism--From Goldwater to the Tea Party and Beyond,£19.19,Four,In stock
Whole Lotta Creativity Going On: 60 Fun and Unusual Exercises to Awaken and Strengthen Your Creativity,£38.20,Four,In stock
What's It Like in Space?: Stories from Astronauts Who've Been There,£38.20,Two,In stock
"We Are Robin, Vol. 1: The Vigilante Business (We Are Robin #1)",£38.20,One,In stock
Walt Disney's Alice in Wonderland,£38.20,Five,In stock
V for Vendetta (V for Vendetta Complete),£38.20,Four,In stock
Until Friday Night (The Field Party #1),£38.20,Two,In stock
"Unbroken: A World War II Story of Survival, Resilience, and Redemption",£38.20,Two,In stock
Twenty Yawns,£38.20,Two,In stock
Through the Woods,£38.20,Two,In stock
This Is Where It Ends,£38.20,Two,In stock
The Year of Magical Thinking,£38.20,Two,In stock
The Wright Brothers,£38.20,Four,In stock
The White Queen (The Cousins' War #1),£38.20,Five,In stock
The Wedding Pact (The O'Malleys #2),£38.20,Three,In stock
The Time Keeper,£38.20,Five,In stock
The Testament of Mary,£38.20,Four,In stock
The Star-Touched Queen,£38.20,Five,In stock
The Songs of the Gods,£38.20,Five,In stock
The Song of Achilles,£38.20,Five,In stock
The Rosie Project (Don Tillman #1),£38.20,One,In stock
The Power of Habit: Why We Do What We Do in Life and Business,£16.88,Three,In stock
The Marriage of Opposites,£16.88,Four,In stock
The Lucifer Effect: Understanding How Good People Turn Evil,£16.88,One,In stock
The Long Haul (Diary of a Wimpy Kid #9),£16.88,One,In stock
The Loney,£16.88,One,In stock
The Literature Book (Big Ideas Simply Explained),£16.88,Three,In stock
The Last Mile (Amos Decker #2),£16.88,Two,In stock
The Immortal Life of Henrietta Lacks,£16.88,Two,In stock
The Hidden Oracle (The Trials of Apollo #1),£16.88,Two,In stock
The Help Yourself Cookbook for Kids: 60 Easy Plant-Based Recipes Kids Can Make to Stay Healthy and Save the Earth,£16.88,Three,In stock
The Guilty (Will Robie #4),£16.88,Two,In stock
The First Hostage (J.B. Collins #2),£16.88,Three,In stock
The Dovekeepers,£16.88,One,In stock
The Darkest Lie,£16.88,Five,In stock
The Bane Chronicles (The Bane Chronicles #1-11),£16.88,Four,In stock
The Bad-Ass Librarians of Timbuktu: And Their Race to Save the World’s Most Precious Manuscripts,£16.88,One,In stock
The 14th Colony (Cotton Malone #11),£16.88,One,In stock
That Darkness (Gardiner and Renner #1),£16.88,One,In stock
Tastes Like Fear (DI Marnie Rome #3),£16.88,One,In stock
Take Me with You,£16.88,Three,In stock
Swell: A Year of Waves,£45.58,One,In stock
Superman Vol. 1: Before Truth (Superman by Gene Luen Yang #1),£45.58,Five,In stock
Still Life with Bread Crumbs,£45.58,Three,In stock
Steve Jobs,£45.58,Five,In stock
Sorting the Beef from the Bull: The Science of Food Fraud Forensics,£45.58,Four,In stock
Someone Like You (The Harrisons #2),£45.58,Five,In stock
"So Cute It Hurts!!, Vol. 6 (So Cute It Hurts!! #6)",£45.58,Four,In stock
Shtum,£45.58,Four,In stock
See America: A Celebration of Our National Parks & Treasured Sites,£45.58,Three,In stock
salt.,£45.58,Four,In stock
Robin War,£45.58,Three,In stock
"Red Hood/Arsenal, Vol. 1: Open for Business (Red Hood/Arsenal #1)",£45.58,Two,In stock
Rain Fish,£45.58,Three,In stock
"Quarter Life Poetry: Poems for the Young, Broke and Hangry",£45.58,Five,In stock
Pet Sematary,£45.58,Three,In stock
"Overload: How to Unplug, Unwind, and Unleash Yourself from the Pressure of Stress",£45.58,Three,In stock
Once Was a Time,£45.58,Two,In stock
Old School (Diary of a Wimpy Kid #10),£45.58,Five,In stock
No Dream Is Too High: Life Lessons From a Man Who Walked on the Moon,£45.58,Two,In stock
"Naruto (3-in-1 Edition), Vol. 14: Includes Vols. 40, 41 & 42 (Naruto: Omnibus #14)",£45.58,Two,In stock
My Name Is Lucy Barton,£41.56,One,In stock
My Mrs. Brown,£41.56,Three,In stock
My Kind of Crazy,£41.56,One,In stock
Mr. Mercedes (Bill Hodges Trilogy #1),£41.56,One,In stock
More Than Music (Chasing the Dream #1),£41.56,Two,In stock
Made to Stick: Why Some Ideas Survive and Others Die,£41.56,Five,In stock
Luis Paints the World,£41.56,Three,In stock
Luckiest Girl Alive,£41.56,Three,In stock
Lowriders to the Center of the Earth (Lowriders in Space #2),£41.56,Two,In stock
Love Is a Mix Tape (Music #1),£41.56,One,In stock
Looking for Lovely: Collecting the Moments that Matter,£41.56,Five,In stock
"Living Leadership by Insight: A Good Leader Achieves, a Great Leader Builds Monuments",£41.56,Four,In stock
Let It Out: A Journey Through Journaling,£41.56,Five,In stock
Lady Midnight (The Dark Artifices #1),£41.56,Five,In stock
"It's All Easy: Healthy, Delicious Weeknight Meals in under 30 Minutes",£41.56,One,In stock
Island of Dragons (Unwanteds #7),£41.56,One,In stock
I Know What I'm Doing -- and Other Lies I Tell Myself: Dispatches from a Life Under Construction,£41.56,Four,In stock
I Am Pilgrim (Pilgrim #1),£41.56,Four,In stock
"Hyperbole and a Half: Unfortunate Situations, Flawed Coping Mechanisms, Mayhem, and Other Things That Happened",£41.56,Five,In stock
"Hush, Hush (Hush, Hush #1)",£41.56,Three,In stock
Hold Your Breath (Search and Rescue #1),£28.82,One,In stock
Hamilton: The Revolution,£28.82,Three,In stock
Greek Mythic History,£28.82,Five,In stock
God: The Most Unpleasant Character in All Fiction,£28.82,Five,In stock
Glory over Everything: Beyond The Kitchen House,£28.82,Three,In stock
Feathers: Displays of Brilliant Plumage,£28.82,Three,In stock
"Far & Away: Places on the Brink of Change: Seven Continents, Twenty-Five Years",£28.82,Four,In stock
Every Last Word,£28.82,Three,In stock
Eligible (The Austen Project #4),£28.82,Three,In stock
El Deafo,£28.82,Five,In stock
Eight Hundred Grapes,£28.82,Four,In stock
"Eaternity: More than 150 Deliciously Easy Vegan Recipes for a Long, Healthy, Satisfied, Joyful Life",£28.82,Five,In stock
"Eat Fat, Get Thin",£28.82,Two,In stock
Don't Get Caught,£28.82,One,In stock
Doctor Sleep (The Shining #2),£28.82,Two,In stock
Demigods & Magicians: Percy and Annabeth Meet the Kanes (Percy Jackson & Kane Chronicles Crossover #1-3),£28.82,Five,In stock
Dear Mr. Knightley,£28.82,Five,In stock
Daily Fantasy Sports,£28.82,One,In stock
Crazy Love: Overwhelmed by a Relentless God,£28.82,Two,In stock
Cometh the Hour (The Clifton Chronicles #6),£28.82,Three,In stock
Code Name Verity (Code Name Verity #1),£22.13,Four,In stock
Clockwork Angel (The Infernal Devices #1),£22.13,One,In stock
City of Glass (The Mortal Instruments #3),£22.13,Four,In stock
City of Fallen Angels (The Mortal Instruments #4),£22.13,Four,In stock
City of Bones (The Mortal Instruments #1),£22.13,One,In stock
City of Ashes (The Mortal Instruments #2),£22.13,One,In stock
Cell,£22.13,Four,In stock
Catching Jordan (Hundred Oaks),£22.13,Three,In stock
"Carry On, Warrior: Thoughts on Life Unarmed",£22.13,Three,In stock
Carrie,£22.13,Two,In stock
Buying In: The Secret Dialogue Between What We Buy and Who We Are,£22.13,Four,In stock
Brain on Fire: My Month of Madness,£22.13,Five,In stock
Batman: Europa,£22.13,Two,In stock
Barefoot Contessa Back to Basics,£22.13,One,In stock
Barefoot Contessa at Home: Everyday Recipes You'll Make Over and Over Again,£22.13,Five,In stock
Balloon Animals,£22.13,Three,In stock
Art Ops Vol. 1,£22.13,Three,In stock
Aristotle and Dante Discover the Secrets of the Universe (Aristotle and Dante Discover the Secrets of the Universe #1),£22.13,Four,In stock
Angels Walking (Angels Walking #1),£22.13,Two,In stock
Angels & Demons (Robert Langdon #1),£22.13,Three,In stock
All the Light We Cannot See,£29.87,Five,In stock
"Adulthood Is a Myth: A ""Sarah's Scribbles"" Collection",£29.87,Two,In stock
Abstract City,£29.87,Five,In stock
A Time of Torment (Charlie Parker #14),£29.87,Five,In stock
A Study in Scarlet (Sherlock Holmes #1),£29.87,Two,In stock
"A Series of Catastrophes and Miracles: A True Story of Love, Science, and Cancer",£29.87,Two,In stock
A People's History of the United States,£29.87,Two,In stock
A Man Called Ove,£29.87,One,In stock
A Distant Mirror: The Calamitous 14th Century,£29.87,Three,In stock
A Brush of Wings (Angels Walking #3),£29.87,One,In stock
1491: New Revelations of the Americas Before Columbus,£29.87,Three,In stock
"The Three Searches, Meaning, and the Story",£29.87,Three,In stock
Searching for Meaning in Gailana,£29.87,One,In stock
Rook,£29.87,Four,In stock
My Kitchen Year: 136 Recipes That Saved My Life,£29.87,Two,In stock
13 Hours: The Inside Account of What Really Happened In Benghazi,£29.87,One,In stock
Will You Won't You Want Me?,£29.87,Three,In stock
Tipping Point for Planet Earth: How Close Are We to the Edge?,£29.87,One,In stock
The Star-Touched Queen,£29.87,Five,In stock
The Silent Sister (Riley MacPherson #1),£29.87,Five,In stock
The Midnight Watch: A Novel of the Titanic and the Californian,£26.20,One,In stock
The Lonely City: Adventures in the Art of Being Alone,£26.20,Two,In stock
The Gray Rhino: How to Recognize and Act on the Obvious Dangers We Ignore,£26.20,Four,In stock
The Golden Condom: And Other Essays on Love Lost and Found,£26.20,One,In stock
The Epidemic (The Program 0.6),£26.20,Five,In stock
The Dinner Party,£26.20,Two,In stock
The Diary of a Young Girl,£26.20,Three,In stock
The Children,£26.20,Three,In stock
Stars Above (The Lunar Chronicles #4.5),£26.20,Two,In stock
Snatched: How A Drug Queen Went Undercover for the DEA and Was Kidnapped By Colombian Guerillas,£26.20,Three,In stock
Raspberry Pi Electronics Projects for the Evil Genius,£26.20,Four,In stock
Quench Your Own Thirst: Business Lessons Learned Over a Beer or Two,£26.20,One,In stock
Psycho: Sanitarium (Psycho #1.5),£26.20,Five,In stock
Poisonous (Max Revere Novels #3),£26.20,Three,In stock
One with You (Crossfire #5),£26.20,Four,In stock
No Love Allowed (Dodge Cove #1),£26.20,Four,In stock
Murder at the 42nd Street Library (Raymond Ambler #1),£26.20,Four,In stock
Most Wanted,£26.20,Three,In stock
"Love, Lies and Spies",£26.20,Two,In stock
How to Speak Golf: An Illustrated Guide to Links Lingo,£26.20,Five,In stock
Hide Away (Eve Duncan #20),£11.84,One,In stock
Furiously Happy: A Funny Book About Horrible Things,£11.84,Four,In stock
Everyday Italian: 125 Simple and Delicious Recipes,£11.84,Five,In stock
Equal Is Unfair: America's Misguided Fight Against Income Inequality,£11.84,One,In stock
Eleanor & Park,£11.84,Five,In stock
Dirty (Dive Bar #1),£11.84,Four,In stock
Can You Keep a Secret? (Fear Street Relaunch #4),£11.84,One,In stock
Boar Island (Anna Pigeon #19),£11.84,Three,In stock
A Paris Apartment,£11.84,Four,In stock
"A la Mode: 120 Recipes in 60 Pairings: Pies, Tarts, Cakes, Crisps, and More Topped with Ice Cream, Gelato, Frozen Custard, and More",£11.84,One,In stock
Troublemaker: Surviving Hollywood and Scientology,£11.84,Two,In stock
The Widow,£11.84,Two,In stock
"The Sleep Revolution: Transforming Your Life, One Night at a Time",£11.84,Four,In stock
The Improbability of Love,£11.84,One,In stock
The Art of Startup Fundraising,£11.84,Three,In stock
Take Me Home Tonight (Rock Star Romance #3),£11.84,Three,In stock
Sleeping Giants (Themis Files #1),£11.84,One,In stock
"Setting the World on Fire: The Brief, Astonishing Life of St. Catherine of Siena",£11.84,Two,In stock
Playing with Fire,£11.84,Three,In stock
Off the Hook (Fishing for Trouble #1),£11.84,Three,In stock
Mothering Sunday,£13.34,Two,In stock
"Mother, Can You Not?",£13.34,Five,In stock
M Train,£13.34,One,In stock
Lilac Girls,£13.34,Two,In stock
Lies and Other Acts of Love,£13.34,One,In stock
Lab Girl,£13.34,One,In stock
Keep Me Posted,£13.34,Four,In stock
It Didn't Start with You: How Inherited Family Trauma Shapes Who We Are and How to End the Cycle,£13.34,Three,In stock
Grey (Fifty Shades #4),£13.34,Four,In stock
"Exit, Pursued by a Bear",£13.34,Four,In stock
Daredevils,£13.34,Three,In stock
Cravings: Recipes for What You Want to Eat,£13.34,Three,In stock
Born for This: How to Find the Work You Were Meant to Do,£13.34,Five,In stock
Arena,£13.34,Four,In stock
Adultery,£13.34,Five,In stock
A Mother's Reckoning: Living in the Aftermath of Tragedy,£13.34,Three,In stock
A Gentleman's Position (Society of Gentlemen #3),£13.34,Five,In stock
11/22/63,£13.34,Three,In stock
"10% Happier: How I Tamed the Voice in My Head, Reduced Stress Without Losing My Edge, and Found Self-Help That Actually Works",£13.34,Two,In stock
10-Day Green Smoothie Cleanse: Lose Up to 15 Pounds in 10 Days!,£13.34,Five,In stock
Without Shame,£48.27,Five,In stock
Watchmen,£48.27,Four,In stock
Unlimited Intuition Now,£48.27,Four,In stock
Underlying Notes,£48.27,Two,In stock
The Shack,£48.27,One,In stock
The New Brand You: Your New Image Makes the Sale for You,£48.27,Five,In stock
"The Moosewood Cookbook: Recipes from Moosewood Restaurant, Ithaca, New York",£48.27,Four,In stock
The Flowers Lied,£48.27,Two,In stock
"The Fabric of the Cosmos: Space, Time, and the Texture of Reality",£48.27,One,In stock
The Book of Mormon,£48.27,Three,In stock
The Art and Science of Low Carbohydrate Living,£48.27,Five,In stock
The Alien Club,£48.27,One,In stock
Suzie Snowflake: One beautiful flake (a self-esteem story),£48.27,Five,In stock
Nap-a-Roo,£48.27,One,In stock
"NaNo What Now? Finding your editing process, revising your NaNoWriMo book and building a writing career through publishing and beyond",£48.27,Four,In stock
Modern Day Fables,£48.27,Two,In stock
If I Gave You God's Phone Number....: Searching for Spirituality in America,£48.27,One,In stock
"Fruits Basket, Vol. 9 (Fruits Basket #9)",£48.27,Four,In stock
Dress Your Family in Corduroy and Denim,£48.27,Three,In stock
Don't Forget Steven,£48.27,One,In stock
Chernobyl 01:23:40: The Incredible True Story of the World's Worst Nuclear Disaster,£35.92,Two,In stock
Art and Fear: Observations on the Perils (and Rewards) of Artmaking,£35.92,Four,In stock
A Shard of Ice (The Black Symphony Saga #1),£35.92,Three,In stock
A Hero's Curse (The Unseen Chronicles #1),£35.92,Three,In stock
23 Degrees South: A Tropical Tale of Changing Whether...,£35.92,Two,In stock
"Zero to One: Notes on Startups, or How to Build the Future",£35.92,Three,In stock
Why Not Me?,£35.92,One,In stock
When Breath Becomes Air,£35.92,Two,In stock
Vagabonding: An Uncommon Guide to the Art of Long-Term World Travel,£35.92,Two,In stock
The Unlikely Pilgrimage of Harold Fry (Harold Fry #1),£35.92,Five,In stock
The New Drawing on the Right Side of the Brain,£35.92,Three,In stock
"The Midnight Assassin: Panic, Scandal, and the Hunt for America's First Serial Killer",£35.92,Four,In stock
The Martian (The Martian #1),£35.92,Two,In stock
The High Mountains of Portugal,£35.92,One,In stock
The Grownup,£35.92,One,In stock
The E-Myth Revisited: Why Most Small Businesses Don't Work and What to Do About It,£35.92,One,In stock
South of Sunshine,£35.92,One,In stock
Smarter Faster Better: The Secrets of Being Productive in Life and Business,£35.92,Five,In stock
Silence in the Dark (Logan Point #4),£35.92,Three,In stock
Shadows of the Past (Logan Point #1),£35.92,Five,In stock
Roller Girl,£14.10,Five,In stock
Rising Strong,£14.10,Three,In stock
Proofs of God: Classical Arguments from Tertullian to Barth,£14.10,One,In stock
Please Kill Me: The Uncensored Oral History of Punk,£14.10,Four,In stock
Out of Print: City Lights Spotlight No. 14,£14.10,Five,In stock
My Life Next Door (My Life Next Door ),£14.10,Five,In stock
Miller's Valley,£14.10,Two,In stock
Man's Search for Meaning,£14.10,Three,In stock
"Love That Boy: What Two Presidents, Eight Road Trips, and My Son Taught Me About a Parent's Expectations",£14.10,Two,In stock
Living Forward: A Proven Plan to Stop Drifting and Get the Life You Want,£14.10,Three,In stock
Les Fleurs du Mal,£14.10,Five,In stock
Left Behind (Left Behind #1),£14.10,Two,In stock
Kill 'Em and Leave: Searching for James Brown and the American Soul,£14.10,Five,In stock
Kierkegaard: A Christian Missionary to Christians,£14.10,One,In stock
John Vassos: Industrial Design for Modern Life,£14.10,Four,In stock
I'll Give You the Sun,£14.10,One,In stock
I Will Find You,£14.10,One,In stock
Hystopia: A Novel,£14.10,Four,In stock
Howl and Other Poems,£14.10,Two,In stock
History of Beauty,£14.10,Four,In stock
Heaven is for Real: A Little Boy's Astounding Story of His Trip to Heaven and Back,£52.86,Two,In stock
Future Shock (Future Shock #1),£52.86,Five,In stock
Ender's Game (The Ender Quintet #1),£52.86,One,In stock
Diary of a Citizen Scientist: Chasing Tiger Beetles and Other New Ways of Engaging the World,£52.86,One,In stock
Death by Leisure: A Cautionary Tale,£52.86,Four,In stock
Brilliant Beacons: A History of the American Lighthouse,£52.86,Three,In stock
Brazen: The Courage to Find the You That's Been Hiding,£52.86,Two,In stock
Between the World and Me,£52.86,Four,In stock
Being Mortal: Medicine and What Matters in the End,£52.86,Four,In stock
"A Murder Over a Girl: Justice, Gender, Junior High",£52.86,Three,In stock
32 Yolks,£52.86,Two,In stock
"""Most Blessed of the Patriarchs"": Thomas Jefferson and the Empire of the Imagination",£52.86,Five,In stock
You Are a Badass: How to Stop Doubting Your Greatness and Start Living an Awesome Life,£52.86,Three,In stock
Wildlife of New York: A Five-Borough Coloring Book,£52.86,Two,In stock
What Happened on Beale Street (Secrets of the South Mysteries #2),£52.86,Five,In stock
Unreasonable Hope: Finding Faith in the God Who Brings Purpose to Your Pain,£52.86,Two,In stock
Under the Tuscan Sun,£52.86,Three,In stock
Toddlers Are A**holes: It's Not Your Fault,£52.86,One,In stock
The Year of Living Biblically: One Man's Humble Quest to Follow the Bible as Literally as Possible,£52.86,One,In stock
The Whale,£52.86,Four,In stock
The Story of Art,£41.14,Four,In stock
The Origin of Species,£41.14,Four,In stock
The Great Gatsby,£41.14,Four,In stock
The Good Girl,£41.14,Three,In stock
The Glass Castle,£41.14,One,In stock
The Faith of Christopher Hitchens: The Restless Soul of the World's Most Notorious Atheist,£41.14,One,In stock
The Drowning Girls,£41.14,Three,In stock
The Constant Princess (The Tudor Court #1),£41.14,Three,In stock
The Bourne Identity (Jason Bourne #1),£41.14,Four,In stock
The Bachelor Girl's Guide to Murder (Herringford and Watts Mysteries #1),£41.14,Five,In stock
The Art Book,£41.14,Two,In stock
The 7 Habits of Highly Effective People: Powerful Lessons in Personal Change,£41.14,Four,In stock
Team of Rivals: The Political Genius of Abraham Lincoln,£41.14,Five,In stock
Steal Like an Artist: 10 Things Nobody Told You About Being Creative,£41.14,Two,In stock
"Sit, Stay, Love",£41.14,Three,In stock
Sister Dear,£41.14,Four,In stock
"Shrunken Treasures: Literary Classics, Short, Sweet, and Silly",£41.14,Three,In stock
"Rich Dad, Poor Dad",£41.14,One,In stock
Raymie Nightingale,£41.14,Two,In stock
Playing from the Heart,£41.14,One,In stock
Nightstruck: A Novel,£50.35,Four,In stock
"Naturally Lean: 125 Nourishing Gluten-Free, Plant-Based Recipes--All Under 300 Calories",£50.35,Five,In stock
Meternity,£50.35,Three,In stock
Memoirs of a Geisha,£50.35,Three,In stock
Like Never Before (Walker Family #2),£50.35,Two,In stock
Life of Pi,£50.35,Four,In stock
Leave This Song Behind: Teen Poetry at Its Best,£50.35,Five,In stock
King's Folly (The Kinsman Chronicles #1),£50.35,Five,In stock
John Adams,£50.35,Four,In stock
How to Cook Everything Vegetarian: Simple Meatless Recipes for Great Food (How to Cook Everything),£50.35,Four,In stock
How to Be a Domestic Goddess: Baking and the Art of Comfort Cooking,£50.35,Two,In stock
Good in Bed (Cannie Shapiro #1),£50.35,Five,In stock
"Fruits Basket, Vol. 7 (Fruits Basket #7)",£50.35,One,In stock
For the Love: Fighting for Grace in a World of Impossible Standards,£50.35,Three,In stock
Finding God in the Ruins: How God Redeems Pain,£50.35,Two,In stock
Every Heart a Doorway (Every Heart A Doorway #1),£50.35,Five,In stock
Delivering the Truth (Quaker Midwife Mystery #1),£50.35,Four,In stock
Counted With the Stars (Out from Egypt #1),£50.35,Five,In stock
"Chronicles, Vol. 1",£50.35,Two,In stock
Blue Like Jazz: Nonreligious Thoughts on Christian Spirituality,£50.35,One,In stock
Benjamin Franklin: An American Life,£48.19,Three,In stock
"At The Existentialist Café: Freedom, Being, and apricot cocktails with: Jean-Paul Sartre, Simone de Beauvoir, Albert Camus, Martin Heidegger, Edmund Husserl, Karl Jaspers, Maurice Merleau-Ponty and others",£48.19,Five,In stock
A Summer In Europe,£48.19,Two,In stock
A Short History of Nearly Everything,£48.19,Five,In stock
A Gathering of Shadows (Shades of Magic #2),£48.19,Four,In stock
The Sound Of Love,£48.19,Five,In stock
The Rise and Fall of the Third Reich: A History of Nazi Germany,£48.19,Two,In stock
The Perks of Being a Wallflower,£48.19,Three,In stock
The Mysterious Affair at Styles (Hercule Poirot #1),£48.19,Four,In stock
The Man Who Mistook His Wife for a Hat and Other Clinical Tales,£48.19,Four,In stock
The Makings of a Fatherless Child,£48.19,Two,In stock
The Joy of Cooking,£48.19,Four,In stock
The Invention of Wings,£48.19,One,In stock
The Hobbit (Middle-Earth Universe),£48.19,Five,In stock
The Great Railway Bazaar,£48.19,One,In stock
The Golden Compass (His Dark Materials #1),£48.19,One,In stock
The God Delusion,£48.19,Three,In stock
The Girl You Left Behind (The Girl You Left Behind #1),£48.19,One,In stock
The Fellowship of the Ring (The Lord of the Rings #1),£48.19,Two,In stock
The Collected Poems of W.B. Yeats (The Collected Works of W.B. Yeats #1),£48.19,Five,In stock
The Barefoot Contessa Cookbook,£59.92,Five,In stock
Tell the Wolves I'm Home,£59.92,Two,In stock
Ship Leaves Harbor: Essays on Travel by a Recovering Journeyman,£59.92,Three,In stock
Pride and Prejudice,£59.92,Four,In stock
Musicophilia: Tales of Music and the Brain,£59.92,One,In stock
Mere Christianity,£59.92,Three,In stock
Me Before You (Me Before You #1),£59.92,One,In stock
In the Woods (Dublin Murder Squad #1),£59.92,Two,In stock
In Cold Blood,£59.92,Four,In stock
How to Stop Worrying and Start Living,£59.92,Five,In stock
Give It Back,£59.92,Two,In stock
"Girl, Interrupted",£59.92,Three,In stock
Fun Home: A Family Tragicomic,£59.92,Four,In stock
"Fruits Basket, Vol. 6 (Fruits Basket #6)",£59.92,Four,In stock
Deception Point,£59.92,Four,In stock
"Death Note, Vol. 6: Give-and-Take (Death Note #6)",£59.92,Three,In stock
Catherine the Great: Portrait of a Woman,£59.92,Four,In stock
Better Homes and Gardens New Cook Book,£59.92,Three,In stock
An Unquiet Mind: A Memoir of Moods and Madness,£59.92,Three,In stock
A Year in Provence (Provence #1),£59.92,Four,In stock
World Without End (The Pillars of the Earth #2),£32.97,Four,In stock
"Will Grayson, Will Grayson (Will Grayson, Will Grayson)",£32.97,Four,In stock
Why Save the Bankers?: And Other Essays on Our Economic and Political Crisis,£32.97,Two,In stock
Where She Went (If I Stay #2),£32.97,Four,In stock
What If?: Serious Scientific Answers to Absurd Hypothetical Questions,£32.97,Four,In stock
Two Summers,£32.97,One,In stock
This Is Your Brain on Music: The Science of a Human Obsession,£32.97,One,In stock
The Secret Garden,£32.97,Four,In stock
The Raven King (The Raven Cycle #4),£32.97,Two,In stock
The Raven Boys (The Raven Cycle #1),£32.97,Four,In stock
The Power Greens Cookbook: 140 Delicious Superfood Recipes,£32.97,Five,In stock
The Metamorphosis,£32.97,One,In stock
The Mathews Men: Seven Brothers and the War Against Hitler's U-boats,£32.97,Five,In stock
The Little Paris Bookshop,£32.97,Three,In stock
The Hiding Place,£32.97,Four,In stock
The Grand Design,£32.97,Three,In stock
The Firm,£32.97,Three,In stock
The Fault in Our Stars,£32.97,One,In stock
The False Prince (The Ascendance Trilogy #1),£32.97,Five,In stock
The Expatriates,£32.97,Two,In stock
The Dream Thieves (The Raven Cycle #2),£34.50,One,In stock
The Darkest Corners,£34.50,Five,In stock
The Crossover,£34.50,Four,In stock
The 5th Wave (The 5th Wave #1),£34.50,Two,In stock
Tell the Wind and Fire,£34.50,Three,In stock
Tell Me Three Things,£34.50,One,In stock
Talking to Girls About Duran Duran: One Young Man's Quest for True Love and a Cooler Haircut,£34.50,Four,In stock
Siddhartha,£34.50,Five,In stock
Shiver (The Wolves of Mercy Falls #1),£34.50,Five,In stock
Remember Me?,£34.50,Three,In stock
Red Dragon (Hannibal Lecter #1),£34.50,Three,In stock
Peak: Secrets from the New Science of Expertise,£34.50,Two,In stock
My Mother Was Nuts,£34.50,Four,In stock
Mexican Today: New and Rediscovered Recipes for Contemporary Kitchens,£34.50,Five,In stock
Maybe Something Beautiful: How Art Transformed a Neighborhood,£34.50,One,In stock
Lola and the Boy Next Door (Anna and the French Kiss #2),£34.50,Four,In stock
Logan Kade (Fallen Crest High #5.5),£34.50,Two,In stock
Last One Home (New Beginnings #1),£34.50,Three,In stock
Killing Floor (Jack Reacher #1),£34.50,Four,In stock
Kill the Boy Band,£34.50,Five,In stock
Isla and the Happily Ever After (Anna and the French Kiss #3),£48.13,Five,In stock
If I Stay (If I Stay #1),£48.13,Five,In stock
I Know Why the Caged Bird Sings (Maya Angelou's Autobiography #1),£48.13,Two,In stock
Harry Potter and the Deathly Hallows (Harry Potter #7),£48.13,One,In stock
"Fruits Basket, Vol. 5 (Fruits Basket #5)",£48.13,One,In stock
Foundation (Foundation (Publication Order) #1),£48.13,One,In stock
Fool Me Once,£48.13,One,In stock
Find Her (Detective D.D. Warren #8),£48.13,One,In stock
Evicted: Poverty and Profit in the American City,£48.13,One,In stock
Drama,£48.13,Two,In stock
Dracula the Un-Dead,£48.13,Five,In stock
Digital Fortress,£48.13,Five,In stock
"Death Note, Vol. 5: Whiteout (Death Note #5)",£48.13,One,In stock
"Data, A Love Story: How I Gamed Online Dating to Meet My Match",£48.13,Three,In stock
Critique of Pure Reason,£48.13,One,In stock
Booked,£48.13,Five,In stock
"Blue Lily, Lily Blue (The Raven Cycle #3)",£48.13,Five,In stock
Approval Junkie: Adventures in Caring Too Much,£48.13,Five,In stock
An Abundance of Katherines,£48.13,Five,In stock
America's War for the Greater Middle East: A Military History,£48.13,Two,In stock
Alight (The Generations Trilogy #2),£58.59,Four,In stock
A Girl's Guide to Moving On (New Beginnings #2),£58.59,One,In stock
A Game of Thrones (A Song of Ice and Fire #1),£58.59,Two,In stock
A Feast for Crows (A Song of Ice and Fire #4),£58.59,Four,In stock
A Clash of Kings (A Song of Ice and Fire #2),£58.59,Three,In stock
Vogue Colors A to Z: A Fashion Coloring Book,£58.59,Four,In stock
The Shining (The Shining #1),£58.59,Three,In stock
The Pilgrim's Progress,£58.59,Two,In stock
The Perfect Play (Play by Play #1),£58.59,Three,In stock
The Passion of Dolssa,£58.59,Five,In stock
The Jazz of Physics: The Secret Link Between Music and the Structure of the Universe,£58.59,Three,In stock
The Hunger Games (The Hunger Games #1),£58.59,Five,In stock
The Hound of the Baskervilles (Sherlock Holmes #5),£58.59,Two,In stock
The Gunning of America: Business and the Making of American Gun Culture,£58.59,Four,In stock
The Geography of Bliss: One Grump's Search for the Happiest Places in the World,£58.59,Two,In stock
The Demonists (Demonist #1),£58.59,Two,In stock
"The Demon Prince of Momochi House, Vol. 4 (The Demon Prince of Momochi House #4)",£58.59,Two,In stock
The Bone Hunters (Lexy Vaughan & Steven Macaulay #2),£58.59,Three,In stock
The Beast (Black Dagger Brotherhood #14),£58.59,Five,In stock
Some Women,£58.59,Five,In stock
Shopaholic Ties the Knot (Shopaholic #3),£48.39,Five,In stock
Paper and Fire (The Great Library #2),£48.39,Five,In stock
Outlander (Outlander #1),£48.39,Five,In stock
"Orchestra of Exiles: The Story of Bronislaw Huberman, the Israel Philharmonic, and the One Thousand Jews He Saved from Nazi Horrors",£48.39,Three,In stock
No One Here Gets Out Alive,£48.39,Five,In stock
Night Shift (Night Shift #1-20),£48.39,Four,In stock
Needful Things,£48.39,Four,In stock
Mockingjay (The Hunger Games #3),£48.39,Four,In stock
Misery,£48.39,Two,In stock
Little Women (Little Women #1),£48.39,Four,In stock
It,£48.39,Three,In stock
Harry Potter and the Sorcerer's Stone (Harry Potter #1),£48.39,Three,In stock
Harry Potter and the Prisoner of Azkaban (Harry Potter #3),£48.39,Four,In stock
Harry Potter and the Order of the Phoenix (Harry Potter #5),£48.39,Four,In stock
Harry Potter and the Half-Blood Prince (Harry Potter #6),£48.39,Five,In stock
Harry Potter and the Chamber of Secrets (Harry Potter #2),£48.39,One,In stock
Gone with the Wind,£48.39,Three,In stock
God Is Not Great: How Religion Poisons Everything,£48.39,One,In stock
Girl With a Pearl Earring,£48.39,One,In stock
"Fruits Basket, Vol. 4 (Fruits Basket #4)",£48.39,Four,In stock
Far From True (Promise Falls Trilogy #2),£34.93,Two,In stock
Dark Lover (Black Dagger Brotherhood #1),£34.93,One,In stock
Confessions of a Shopaholic (Shopaholic #1),£34.93,Two,In stock
Changing the Game (Play by Play #2),£34.93,Three,In stock
Candide,£34.93,Three,In stock
Can You Keep a Secret?,£34.93,One,In stock
Atlas Shrugged,£34.93,Five,In stock
Animal Farm,£34.93,Three,In stock
A Walk to Remember,£34.93,One,In stock
A New Earth: Awakening to Your Life's Purpose,£34.93,Five,In stock
"A History of God: The 4,000-Year Quest of Judaism, Christianity, and Islam",£34.93,One,In stock
'Salem's Lot,£34.93,Four,In stock
Zero History (Blue Ant #3),£34.93,One,In stock
Wuthering Heights,£34.93,Three,In stock
World War Z: An Oral History of the Zombie War,£34.93,One,In stock
Wild: From Lost to Found on the Pacific Crest Trail,£34.93,Three,In stock
"Where'd You Go, Bernadette",£34.93,One,In stock
When You Are Engulfed in Flames,£34.93,Five,In stock
We the People: The Modern-Day Figures Who Have Reshaped and Affirmed the Founding Fathers' Vision of America,£34.93,Three,In stock
We Are All Completely Beside Ourselves,£34.93,One,In stock
Walk the Edge (Thunder Road #2),£32.36,Three,In stock
Voyager (Outlander #3),£32.36,Five,In stock
Very Good Lives: The Fringe Benefits of Failure and the Importance of Imagination,£32.36,Three,In stock
Vegan Vegetarian Omnivore: Dinner for Everyone at the Table,£32.36,Two,In stock
"Unstuffed: Decluttering Your Home, Mind, and Soul",£32.36,One,In stock
Under the Banner of Heaven: A Story of Violent Faith,£32.36,One,In stock
Two Boys Kissing,£32.36,Two,In stock
Twilight (Twilight #1),£32.36,Two,In stock
Twenties Girl,£32.36,Two,In stock
"Trespassing Across America: One Man's Epic, Never-Done-Before (and Sort of Illegal) Hike Across the Heartland",£32.36,One,In stock
Three-Martini Lunch,£32.36,Three,In stock
"Thinking, Fast and Slow",£32.36,One,In stock
The Wild Robot,£32.36,Three,In stock
"The Wicked + The Divine, Vol. 3: Commercial Suicide (The Wicked + The Divine)",£32.36,Three,In stock
The Undomestic Goddess,£32.36,Four,In stock
The Travelers,£32.36,One,In stock
The Tipping Point: How Little Things Can Make a Big Difference,£32.36,Two,In stock
The Thing About Jellyfish,£32.36,One,In stock
The Stand,£32.36,Two,In stock
The Smitten Kitchen Cookbook,£32.36,One,In stock
The Silkworm (Cormoran Strike #2),£23.05,Five,In stock
"The Sandman, Vol. 3: Dream Country (The Sandman (volumes) #3)",£23.05,Five,In stock
The Rose & the Dagger (The Wrath and the Dawn #2),£23.05,Four,In stock
The Road to Little Dribbling: Adventures of an American in Britain (Notes From a Small Island #2),£23.05,One,In stock
The Rise of Theodore Roosevelt (Theodore Roosevelt #1),£23.05,Three,In stock
The Restaurant at the End of the Universe (Hitchhiker's Guide to the Galaxy #2),£23.05,One,In stock
The Rest Is Noise: Listening to the Twentieth Century,£23.05,One,In stock
The Red Tent,£23.05,Five,In stock
The Purpose Driven Life: What on Earth Am I Here for?,£23.05,Three,In stock
The Purest Hook (Second Circle Tattoos #3),£23.05,One,In stock
The Picture of Dorian Gray,£23.05,Two,In stock
The Paris Wife,£23.05,Three,In stock
The Obsession,£23.05,One,In stock
The Nightingale,£23.05,Four,In stock
The New Guy (and Other Senior Year Distractions),£23.05,Three,In stock
The Nanny Diaries (Nanny #1),£23.05,Five,In stock
The Name of God is Mercy,£23.05,Two,In stock
The Maze Runner (The Maze Runner #1),£23.05,One,In stock
The Lover's Dictionary,£23.05,Two,In stock
The Lonely Ones,£23.05,Five,In stock
The Lean Startup: How Today's Entrepreneurs Use Continuous Innovation to Create Radically Successful Businesses,£33.92,Three,In stock
The Last Painting of Sara de Vos,£33.92,Two,In stock
"The Land of 10,000 Madonnas",£33.92,Four,In stock
The Infinities,£33.92,One,In stock
The Husband's Secret,£33.92,Five,In stock
The Hitchhiker's Guide to the Galaxy (Hitchhiker's Guide to the Galaxy #1),£33.92,Three,In stock
The Guns of August,£33.92,Two,In stock
The Guernsey Literary and Potato Peel Pie Society,£33.92,One,In stock
The Goldfinch,£33.92,Three,In stock
The Giver (The Giver Quartet #1),£33.92,One,In stock
The Girl with All the Gifts,£33.92,Three,In stock
The Girl Who Played with Fire (Millennium Trilogy #2),£33.92,Two,In stock
The Girl Who Kicked the Hornet's Nest (Millennium Trilogy #3),£33.92,One,In stock
The Exiled,£33.92,Three,In stock
"The End of Faith: Religion, Terror, and the Future of Reason",£33.92,Four,In stock
"The Elegant Universe: Superstrings, Hidden Dimensions, and the Quest for the Ultimate Theory",£33.92,Four,In stock
"The Disappearing Spoon: And Other True Tales of Madness, Love, and the History of the World from the Periodic Table of the Elements",£33.92,Five,In stock
The Devil Wears Prada (The Devil Wears Prada #1),£33.92,One,In stock
The Demon-Haunted World: Science as a Candle in the Dark,£33.92,Four,In stock
The Day the Crayons Came Home (Crayons),£33.92,Five,In stock
The Da Vinci Code (Robert Langdon #2),£22.96,Two,In stock
The Cuckoo's Calling (Cormoran Strike #1),£22.96,One,In stock
The Complete Stories and Poems (The Works of Edgar Allan Poe [Cameo Edition]),£22.96,Four,In stock
The Complete Poems,£22.96,Five,In stock
The Catcher in the Rye,£22.96,One,In stock
The Cat in the Hat (Beginner Books B-1),£22.96,Two,In stock
The Case for Christ (Cases for Christianity),£22.96,One,In stock
The Book Thief,£22.96,Two,In stock
The Book of Basketball: The NBA According to The Sports Guy,£22.96,Five,In stock
The Blind Side: Evolution of a Game,£22.96,Five,In stock
The Autobiography of Malcolm X,£22.96,Two,In stock
"The Art of Simple Food: Notes, Lessons, and Recipes from a Delicious Revolution",£22.96,Three,In stock
The Art of Fielding,£22.96,One,In stock
"Surely You're Joking, Mr. Feynman!: Adventures of a Curious Character",£22.96,Two,In stock
Stiff: The Curious Lives of Human Cadavers,£22.96,Three,In stock
Spilled Milk: Based on a True Story,£22.96,One,In stock
Something Borrowed (Darcy & Rachel #1),£22.96,Five,In stock
Something Blue (Darcy & Rachel #2),£22.96,One,In stock
Soldier (Talon #3),£22.96,Two,In stock
Shopaholic & Baby (Shopaholic #5),£22.96,Two,In stock
Seven Days in the Art World,£52.33,Two,In stock
Seven Brief Lessons on Physics,£52.33,Four,In stock
Scarlet (The Lunar Chronicles #2),£52.33,Four,In stock
Sarah's Key,£52.33,One,In stock
"Saga, Volume 3 (Saga (Collected Editions) #3)",£52.33,Five,In stock
Running with Scissors,£52.33,Four,In stock
Rogue Lawyer (Rogue Lawyer #1),£52.33,Three,In stock
"Rise of the Rocket Girls: The Women Who Propelled Us, from Missiles to the Moon to Mars",£52.33,Four,In stock
Rework,£52.33,Two,In stock
Reservations for Two,£52.33,Three,In stock
Red: The True Story of Red Riding Hood,£52.33,Three,In stock
Ready Player One,£52.33,Four,In stock
Quiet: The Power of Introverts in a World That Can't Stop Talking,£52.33,One,In stock
Prodigy: The Graphic Novel (Legend: The Graphic Novel #2),£52.33,Three,In stock
Persepolis: The Story of a Childhood (Persepolis #1-2),£52.33,One,In stock
Packing for Mars: The Curious Science of Life in the Void,£52.33,Two,In stock
Outliers: The Story of Success,£52.33,One,In stock
Original Fake,£52.33,Three,In stock
Orange Is the New Black,£52.33,Two,In stock
One for the Money (Stephanie Plum #1),£52.33,Two,In stock
Notes from a Small Island (Notes From a Small Island #1),£40.17,One,In stock
Night (The Night Trilogy #1),£40.17,One,In stock
Neither Here nor There: Travels in Europe,£40.17,Three,In stock
Naked,£40.17,Three,In stock
Morning Star (Red Rising #3),£40.17,One,In stock
"Miracles from Heaven: A Little Girl, Her Journey to Heaven, and Her Amazing Story of Healing",£40.17,One,In stock
Midnight Riot (Peter Grant/ Rivers of London - books #1),£40.17,Two,In stock
Me Talk Pretty One Day,£40.17,Two,In stock
Manuscript Found in Accra,£40.17,Two,In stock
Lust & Wonder,£40.17,Two,In stock
Lila (Gilead #3),£40.17,Three,In stock
"Life, the Universe and Everything (Hitchhiker's Guide to the Galaxy #3)",£40.17,Two,In stock
Life Without a Recipe,£40.17,Five,In stock
Life After Life,£40.17,Two,In stock
Letter to a Christian Nation,£40.17,One,In stock
Let's Pretend This Never Happened: A Mostly True Memoir,£40.17,One,In stock
Legend (Legend #1),£40.17,Four,In stock
"Lean In: Women, Work, and the Will to Lead",£40.17,One,In stock
"Lamb: The Gospel According to Biff, Christ's Childhood Pal",£40.17,Five,In stock
Lady Renegades (Rebel Belle #3),£40.17,Five,In stock
Jurassic Park (Jurassic Park #1),£44.97,One,In stock
It's Never Too Late to Begin Again: Discovering Creativity and Meaning at Midlife and Beyond,£44.97,One,In stock
Is Everyone Hanging Out Without Me? (And Other Concerns),£44.97,Three,In stock
Into the Wild,£44.97,Five,In stock
Inferno (Robert Langdon #4),£44.97,Five,In stock
"In the Garden of Beasts: Love, Terror, and an American Family in Hitler's Berlin",£44.97,Three,In stock
If I Run (If I Run #1),£44.97,Four,In stock
I've Got Your Number,£44.97,One,In stock
I Am Malala: The Girl Who Stood Up for Education and Was Shot by the Taliban,£44.97,Two,In stock
Hungry Girl Clean & Hungry: Easy All-Natural Recipes for Healthy Eating in the Real World,£44.97,Three,In stock
"House of Lost Worlds: Dinosaurs, Dynasties, and the Story of Life on Earth",£44.97,Two,In stock
House of Leaves,£44.97,One,In stock
Horrible Bear!,£44.97,Two,In stock
Holidays on Ice,£44.97,Two,In stock
Heir to the Sky,£44.97,Four,In stock
Green Eggs and Ham (Beginner Books B-16),£44.97,Four,In stock
"Grayson, Vol 3: Nemesis (Grayson #3)",£44.97,One,In stock
Gratitude,£44.97,Five,In stock
Gone Girl,£44.97,Five,In stock
Golden (Heart of Dread #3),£44.97,Four,In stock
Girl in the Blue Coat,£46.83,Two,In stock
"Fruits Basket, Vol. 3 (Fruits Basket #3)",£46.83,Two,In stock
"Friday Night Lights: A Town, a Team, and a Dream",£46.83,Three,In stock
Fire Bound (Sea Haven/Sisters of the Heart #5),£46.83,Four,In stock
Fifty Shades Freed (Fifty Shades #3),£46.83,Five,In stock
Fellside,£46.83,One,In stock
Extreme Prey (Lucas Davenport #26),£46.83,Three,In stock
Eragon (The Inheritance Cycle #1),£46.83,Three,In stock
Eclipse (Twilight #3),£46.83,One,In stock
Dune (Dune #1),£46.83,One,In stock
Dracula,£46.83,Three,In stock
Do Androids Dream of Electric Sheep? (Blade Runner #1),£46.83,One,In stock
Disrupted: My Misadventure in the Start-Up Bubble,£46.83,Five,In stock
Dead Wake: The Last Crossing of the Lusitania,£46.83,Five,In stock
"David and Goliath: Underdogs, Misfits, and the Art of Battling Giants",£46.83,One,In stock
Darkfever (Fever #1),£46.83,One,In stock
Dark Places,£46.83,Five,In stock
Crazy Rich Asians (Crazy Rich Asians #1),£46.83,Five,In stock
Counting Thyme,£46.83,One,In stock
Cosmos,£46.83,Two,In stock
Civilization and Its Discontents,£59.95,Two,In stock
Cinder (The Lunar Chronicles #1),£59.95,One,In stock
Catastrophic Happiness: Finding Joy in Childhood's Messy Years,£59.95,Two,In stock
Career of Evil (Cormoran Strike #3),£59.95,Two,In stock
Breaking Dawn (Twilight #4),£59.95,Five,In stock
Brave Enough,£59.95,Five,In stock
Boy Meets Boy,£59.95,Three,In stock
"Born to Run: A Hidden Tribe, Superathletes, and the Greatest Race the World Has Never Seen",£59.95,Two,In stock
Blink: The Power of Thinking Without Thinking,£59.95,Five,In stock
Black Flags: The Rise of ISIS,£59.95,One,In stock
"Black Butler, Vol. 1 (Black Butler #1)",£59.95,One,In stock
Big Little Lies,£59.95,One,In stock
Between Shades of Gray,£59.95,Five,In stock
Best of My Love (Fool's Gold #20),£59.95,Two,In stock
Beowulf,£59.95,Two,In stock
Beautiful Creatures (Caster Chronicles #1),£59.95,Five,In stock
Awkward,£59.95,Two,In stock
Ash,£59.95,Four,In stock
Are We There Yet?,£59.95,Three,In stock
Are We Smart Enough to Know How Smart Animals Are?,£59.95,One,In stock
Annie on My Mind,£36.83,Five,In stock
And Then There Were None,£36.83,Two,In stock
A Walk in the Woods: Rediscovering America on the Appalachian Trail,£36.83,Four,In stock
A Visit from the Goon Squad,£36.83,Five,In stock
A Storm of Swords (A Song of Ice and Fire #3),£36.83,Two,In stock
A Heartbreaking Work of Staggering Genius,£36.83,Five,In stock
8 Keys to Mental Health Through Exercise,£36.83,One,In stock
#GIRLBOSS,£36.83,One,In stock
"The Suffragettes (Little Black Classics, #96)",£36.83,Two,In stock
The Sense of an Ending,£36.83,Three,In stock
"The Sandman, Vol. 2: The Doll's House (The Sandman (volumes) #2)",£36.83,One,In stock
The Course of Love,£36.83,Three,In stock
Sugar Rush (Offensive Line #2),£36.83,One,In stock
"Saga, Volume 2 (Saga (Collected Editions) #2)",£36.83,Three,In stock
"Run, Spot, Run: The Ethics of Keeping Pets",£36.83,One,In stock
New Moon (Twilight #2),£36.83,Four,In stock
Life,£36.83,Five,In stock
Kindle Paperwhite User's Guide,£36.83,Three,In stock
H is for Hawk,£36.83,Five,In stock
Girl Online On Tour (Girl Online #2),£36.83,One,In stock
"Fruits Basket, Vol. 2 (Fruits Basket #2)",£11.64,Five,In stock
Diary of a Minecraft Zombie Book 1: A Scare of a Dare (An Unofficial Minecraft Book),£11.64,Four,In stock
"Y: The Last Man, Vol. 1: Unmanned (Y: The Last Man #1)",£11.64,Four,In stock
While You Were Mine,£11.64,Five,In stock
Where Lightning Strikes (Bleeding Stars #3),£11.64,Three,In stock
When I'm Gone,£11.64,Three,In stock
Ways of Seeing,£11.64,Five,In stock
"Vampire Knight, Vol. 1 (Vampire Knight #1)",£11.64,One,In stock
Vampire Girl (Vampire Girl #1),£11.64,Two,In stock
Twenty Love Poems and a Song of Despair,£11.64,Four,In stock
Travels with Charley: In Search of America,£11.64,Five,In stock
Three Wishes (River of Time: California #1),£11.64,Two,In stock
This One Moment (Pushing Limits #1),£11.64,One,In stock
The Zombie Room,£11.64,Five,In stock
"The Wicked + The Divine, Vol. 1: The Faust Act (The Wicked + The Divine)",£11.64,Two,In stock
The Tumor,£11.64,Five,In stock
The Story of Hong Gildong,£11.64,Four,In stock
The Silent Wife,£11.64,Five,In stock
The Silent Twin (Detective Jennifer Knight #3),£11.64,Three,In stock
The Selfish Gene,£11.64,One,In stock
The Secret Healer,£34.56,Three,In stock
"The Sandman, Vol. 1: Preludes and Nocturnes (The Sandman (volumes) #1)",£34.56,Three,In stock
The Republic,£34.56,Three,In stock
The Odyssey,£34.56,Three,In stock
The No. 1 Ladies' Detective Agency (No. 1 Ladies' Detective Agency #1),£34.56,Four,In stock
The Nicomachean Ethics,£34.56,One,In stock
The Name of the Wind (The Kingkiller Chronicle #1),£34.56,Three,In stock
The Mirror & the Maze (The Wrath and the Dawn #1.5),£34.56,One,In stock
The Little Prince,£34.56,Two,In stock
The Light of the Fireflies,£34.56,One,In stock
The Last Girl (The Dominion Trilogy #1),£34.56,Two,In stock
The Iliad,£34.56,One,In stock
The Hook Up (Game On #1),£34.56,Five,In stock
The Haters,£34.56,Five,In stock
The Girl You Lost,£34.56,Five,In stock
The Girl In The Ice (DCI Erika Foster #1),£34.56,Three,In stock
The End of the Jesus Era (An Investigation #1),£34.56,One,In stock
The Edge of Reason (Bridget Jones #2),£34.56,Four,In stock
The Complete Maus (Maus #1-2),£34.56,Three,In stock
The Communist Manifesto,£34.56,Three,In stock
The Bhagavad Gita,£57.49,Three,In stock
The Bette Davis Club,£57.49,Three,In stock
The Art of Not Breathing,£57.49,Four,In stock
Taking Shots (Assassins #1),£57.49,Two,In stock
Starlark,£57.49,Three,In stock
"Skip Beat!, Vol. 01 (Skip Beat! #1)",£57.49,Three,In stock
Sister Sable (The Mad Queen #1),£57.49,Three,In stock
Shatter Me (Shatter Me #1),£57.49,One,In stock
Shameless,£57.49,Three,In stock
Shadow Rites (Jane Yellowrock #10),£57.49,Four,In stock
Settling the Score (The Summer Games #1),£57.49,Two,In stock
Sense and Sensibility,£57.49,One,In stock
"Saga, Volume 1 (Saga (Collected Editions) #1)",£57.49,One,In stock
"Rhythm, Chord & Malykhin",£57.49,Two,In stock
"Rat Queens, Vol. 1: Sass & Sorcery (Rat Queens (Collected Editions) #1-5)",£57.49,Five,In stock
Paradise Lost (Paradise #1),£57.49,One,In stock
"Paper Girls, Vol. 1 (Paper Girls #1-5)",£57.49,Four,In stock
"Ouran High School Host Club, Vol. 1 (Ouran High School Host Club #1)",£57.49,Three,In stock
Origins (Alphas 0.5),£57.49,One,In stock
One Second (Seven #7),£57.49,Two,In stock
On the Road (Duluoz Legend),£32.36,Three,In stock
Old Records Never Die: One Man's Quest for His Vinyl and His Past,£32.36,Two,In stock
Off Sides (Off #1),£32.36,Five,In stock
Of Mice and Men,£32.36,Two,In stock
Myriad (Prentor #1),£32.36,Four,In stock
My Perfect Mistake (Over the Top #1),£32.36,Two,In stock
"Ms. Marvel, Vol. 1: No Normal (Ms. Marvel (2014-2015) #1)",£32.36,Four,In stock
Meditations,£32.36,Two,In stock
Matilda,£32.36,One,In stock
Lost Among the Living,£32.36,Four,In stock
Lord of the Flies,£32.36,Three,In stock
Listen to Me (Fusion #1),£32.36,Three,In stock
Kitchens of the Great Midwest,£32.36,Five,In stock
Jane Eyre,£32.36,Five,In stock
Imperfect Harmony,£32.36,Four,In stock
Icing (Aces Hockey #2),£32.36,Four,In stock
"Hawkeye, Vol. 1: My Life as a Weapon (Hawkeye #1)",£32.36,Three,In stock
Having the Barbarian's Baby (Ice Planet Barbarians #7.5),£32.36,Four,In stock
"Giant Days, Vol. 1 (Giant Days #1-4)",£32.36,Four,In stock
"Fruits Basket, Vol. 1 (Fruits Basket #1)",£32.36,Five,In stock
Frankenstein,£38.00,Two,In stock
Forever Rockers (The Rocker #12),£38.00,Three,In stock
Fighting Fate (Fighting #6),£38.00,Three,In stock
Emma,£38.00,Two,In stock
"Eat, Pray, Love",£38.00,Three,In stock
Deep Under (Walker Security #1),£38.00,Five,In stock
Choosing Our Religion: The Spiritual Lives of America's Nones,£38.00,Four,In stock
Charlie and the Chocolate Factory (Charlie Bucket #1),£38.00,Three,In stock
Charity's Cross (Charles Towne Belles #4),£38.00,One,In stock
Bright Lines,£38.00,Five,In stock
Bridget Jones's Diary (Bridget Jones #1),£38.00,One,In stock
Bounty (Colorado Mountain #7),£38.00,Four,In stock
Blood Defense (Samantha Brinkman #1),£38.00,Three,In stock
"Bleach, Vol. 1: Strawberry and the Soul Reapers (Bleach #1)",£38.00,Five,In stock
Beyond Good and Evil,£38.00,One,In stock
Alice in Wonderland (Alice's Adventures in Wonderland #1),£38.00,One,In stock
"Ajin: Demi-Human, Volume 1 (Ajin: Demi-Human #1)",£38.00,Four,In stock
A Spy's Devotion (The Regency Spies of London #1),£38.00,Five,In stock
1st to Die (Women's Murder Club #1),£38.00,One,In stock
"1,000 Places to See Before You Die",£38.00,Five,In stock
